{
  "version": 3,
  "configRevision": 1,

  "issue": {
    "opened": {
      "processor-default": {
        "labels-add": [ ":watch: Not Triaged" ]
      },
      "processor-meta-docs": {
        "default": {
          "labels-add": "Source - Docs.ms"
        },
        "contentsource": {
          "(?i).*master\/aspnetcore\/blazor.*": {
            "labels-add": "Blazor"
          },
          "(?i).*master\/aspnetcore\/host-and-deploy\/blazor.*": {
            "labels-add": "Blazor"
          },
          "(?i).*master\/aspnetcore\/mvc\/views\/tag-helpers\/built-in\/component-tag-helper.md": {
            "labels-add": "Blazor"
          },
          "(?i).*master\/aspnetcore\/security\/blazor.*": {
            "labels-add": "Blazor"
          },
          "(?i).*master\/aspnetcore\/tutorials\/*blazor*.*": {
            "labels-add": "Blazor"
          },
          "(?i).*master\/aspnetcore\/grpc.*": {
            "labels-add": "gRPC"
          },
          "(?i).*master\/aspnetcore\/tutorials\/grpc*.*": {
            "labels-add": "gRPC"
          },
          "(?i).*master\/aspnetcore\/signalr.*": {
            "labels-add": "SignalR"
          },
          "(?i).*master\/aspnetcore\/tutorials\/signalr*.*": {
            "labels-add": "SignalR"
          }
        }
      }
    }
  }
}
